-- Adminer 4.8.1 MySQL 5.5.5-10.3.32-MariaDB-0ubuntu0.20.04.1 dump

SET NAMES utf8;
SET time_zone = '+00:00';
SET foreign_key_checks = 0;
SET sql_mode = 'NO_AUTO_VALUE_ON_ZERO';

SET NAMES utf8mb4;

DROP TABLE IF EXISTS `Averia`;
CREATE TABLE `Averia` (
  `id` int(11) NOT NULL AUTO_INCREMENT,
  `usuario` int(11) NOT NULL,
  `fechainicio` varchar(25) DEFAULT NULL,
  `fechafinal` varchar(25) DEFAULT NULL,
  `descripcion` varchar(1024) NOT NULL,
  `aparato` varchar(25) DEFAULT NULL,
  `marca` varchar(25) DEFAULT NULL,
  `modelo` varchar(25) DEFAULT NULL,
  `numeroserie` varchar(25) DEFAULT NULL,
  `resolucion` varchar(1024) DEFAULT NULL,
  `insitu` float DEFAULT NULL,
  `horasfuera` float DEFAULT NULL,
  `estado` int(1) DEFAULT NULL,
  PRIMARY KEY (`id`),
  KEY `usuario` (`usuario`),
  CONSTRAINT `Averia_ibfk_1` FOREIGN KEY (`usuario`) REFERENCES `Usuario` (`id`)
) ENGINE=InnoDB DEFAULT CHARSET=utf8mb4;

INSERT INTO `Averia` (`id`, `usuario`, `fechainicio`, `fechafinal`, `descripcion`, `aparato`, `marca`, `modelo`, `numeroserie`, `resolucion`, `insitu`, `horasfuera`, `estado`) VALUES
(36,	666,	'24/06/2021',	NULL,	'AJAJAJAJAJa',	'jajaj',	'ajaja',	'jajaj',	'ajjaja',	NULL,	NULL,	NULL,	1);

DROP TABLE IF EXISTS `Cambio`;
CREATE TABLE `Cambio` (
  `id` int(11) NOT NULL AUTO_INCREMENT,
  `maquina` int(11) NOT NULL,
  `pieza` int(3) DEFAULT NULL,
  `origen` int(2) DEFAULT NULL,
  `tecnico` int(11) NOT NULL,
  `copias` int(9) DEFAULT NULL,
  `causa` varchar(512) DEFAULT NULL,
  `garantia` int(1) DEFAULT NULL,
  PRIMARY KEY (`id`),
  KEY `maquina` (`maquina`),
  KEY `tecnico` (`tecnico`),
  CONSTRAINT `Cambio_ibfk_1` FOREIGN KEY (`maquina`) REFERENCES `Maquina` (`id`),
  CONSTRAINT `Cambio_ibfk_2` FOREIGN KEY (`tecnico`) REFERENCES `Usuario` (`id`)
) ENGINE=InnoDB DEFAULT CHARSET=utf8mb4;


DROP TABLE IF EXISTS `Copia`;
CREATE TABLE `Copia` (
  `id` int(9) NOT NULL AUTO_INCREMENT,
  `fecha` varchar(24) NOT NULL,
  `copiasbn` int(9) DEFAULT NULL,
  `copiascl` int(9) DEFAULT NULL,
  `copiasl` int(9) DEFAULT NULL,
  `copiasll` int(9) DEFAULT NULL,
  `copiaslll` int(9) DEFAULT NULL,
  `escaneos` int(9) NOT NULL,
  `maquina` int(11) NOT NULL,
  PRIMARY KEY (`id`),
  KEY `maquina` (`maquina`),
  CONSTRAINT `Copia_ibfk_1` FOREIGN KEY (`maquina`) REFERENCES `Maquina` (`id`)
) ENGINE=InnoDB DEFAULT CHARSET=utf8mb4;

INSERT INTO `Copia` (`id`, `fecha`, `copiasbn`, `copiascl`, `copiasl`, `copiasll`, `copiaslll`, `escaneos`, `maquina`) VALUES
(16,	'29/11/2021',	73143,	NULL,	37547,	31177,	91819,	33486,	10),
(18,	'02/12/2021',	699916,	NULL,	NULL,	NULL,	NULL,	116712,	12),
(19,	'02/12/2021',	651646,	NULL,	NULL,	NULL,	NULL,	109565,	11),
(20,	'02/12/2021',	139411,	167905,	NULL,	NULL,	NULL,	217404,	13),
(21,	'02/12/2021',	12154,	16013,	NULL,	NULL,	NULL,	1646,	14),
(22,	'02/12/2021',	48002,	41932,	NULL,	NULL,	NULL,	17577,	15),
(23,	'02/12/2021',	106766,	NULL,	NULL,	NULL,	NULL,	0,	30),
(24,	'02/12/2021',	641707,	NULL,	NULL,	NULL,	NULL,	167293,	17),
(25,	'02/12/2021',	145968,	78326,	NULL,	NULL,	NULL,	48679,	16),
(26,	'02/12/2021',	9072,	NULL,	NULL,	NULL,	NULL,	1280,	18),
(27,	'02/12/2021',	7847,	NULL,	NULL,	NULL,	NULL,	1240,	19),
(29,	'09/12/2021',	281486,	9878,	NULL,	NULL,	NULL,	159221,	31),
(30,	'09/12/2021',	82233,	NULL,	NULL,	NULL,	NULL,	0,	32),
(31,	'09/12/2021',	9163,	NULL,	NULL,	NULL,	NULL,	1286,	18),
(32,	'09/12/2021',	18682,	NULL,	2520,	747,	917,	461,	33),
(33,	'09/12/2021',	3475,	3375,	NULL,	NULL,	NULL,	663,	36),
(34,	'09/12/2021',	443892,	NULL,	NULL,	NULL,	NULL,	226866,	38),
(35,	'09/12/2021',	172723,	80025,	NULL,	NULL,	NULL,	76715,	37),
(36,	'13/12/2021',	99129,	45477,	NULL,	NULL,	NULL,	144606,	22),
(37,	'13/12/2021',	145650,	NULL,	NULL,	NULL,	NULL,	31015,	23),
(38,	'13/12/2021',	304039,	219590,	NULL,	NULL,	NULL,	82532,	24),
(39,	'13/12/2021',	702116,	NULL,	NULL,	NULL,	NULL,	116875,	12),
(40,	'13/12/2021',	654832,	NULL,	NULL,	NULL,	NULL,	109812,	11),
(41,	'13/12/2021',	140071,	169564,	NULL,	NULL,	NULL,	217544,	13),
(42,	'13/12/2021',	49610,	42143,	NULL,	NULL,	NULL,	91753,	15),
(43,	'13/12/2021',	107354,	NULL,	NULL,	NULL,	NULL,	1,	30),
(44,	'13/12/2021',	185580,	68830,	NULL,	NULL,	NULL,	67340,	20),
(45,	'13/12/2021',	322300,	112776,	NULL,	NULL,	NULL,	67500,	21),
(46,	'15/12/2021',	200884,	NULL,	NULL,	NULL,	NULL,	77538,	46),
(47,	'15/12/2021',	24739,	11999,	NULL,	NULL,	NULL,	27669,	47),
(49,	'16/12/2021',	236939,	68392,	NULL,	NULL,	NULL,	44156,	25),
(50,	'16/12/2021',	342244,	NULL,	NULL,	NULL,	NULL,	52460,	43),
(51,	'16/12/2021',	12306,	1916,	NULL,	NULL,	NULL,	1912,	26),
(52,	'16/12/2021',	486704,	NULL,	NULL,	NULL,	NULL,	162464,	27),
(53,	'16/12/2021',	25631,	54964,	NULL,	NULL,	NULL,	14492,	28),
(54,	'16/12/2021',	37191,	NULL,	NULL,	NULL,	NULL,	0,	29),
(55,	'16/12/2021',	145520,	73687,	NULL,	NULL,	NULL,	94808,	49),
(56,	'21/12/2021',	865370,	NULL,	NULL,	NULL,	NULL,	240368,	50),
(57,	'21/12/2021',	667368,	115910,	NULL,	NULL,	NULL,	254538,	51),
(58,	'21/12/2021',	8063,	13457,	NULL,	NULL,	NULL,	3000,	52),
(59,	'22/12/2021',	1217,	9223,	NULL,	NULL,	NULL,	2763,	53),
(60,	'27/12/2021',	153295,	NULL,	NULL,	NULL,	NULL,	33520,	23),
(61,	'28/12/2021',	304835,	220639,	NULL,	NULL,	NULL,	82742,	24),
(62,	'31/12/2021',	237757,	NULL,	NULL,	NULL,	NULL,	50960,	54),
(63,	'31/12/2021',	222523,	NULL,	NULL,	NULL,	NULL,	64587,	55),
(64,	'31/12/2021',	36724,	89030,	NULL,	NULL,	NULL,	27047,	57),
(65,	'10/01/2022',	201720,	NULL,	NULL,	NULL,	NULL,	78046,	46),
(66,	'12/01/2022',	202176,	NULL,	NULL,	NULL,	NULL,	78092,	46),
(67,	'12/01/2022',	24997,	12305,	NULL,	NULL,	NULL,	27960,	47),
(69,	'17/01/2022',	98905,	NULL,	NULL,	NULL,	NULL,	0,	58),
(70,	'18/01/2022',	190658,	69646,	NULL,	NULL,	NULL,	67840,	20),
(71,	'18/01/2022',	328038,	112844,	NULL,	NULL,	NULL,	68258,	21),
(72,	'18/01/2022',	84224,	NULL,	37773,	31506,	92362,	34723,	10),
(73,	'19/01/2022',	224108,	135003,	NULL,	NULL,	NULL,	127086,	124),
(74,	'24/01/2022',	670805,	119564,	NULL,	NULL,	NULL,	255435,	51),
(75,	'24/01/2022',	877787,	NULL,	NULL,	NULL,	NULL,	241624,	50),
(76,	'24/01/2022',	8291,	13689,	NULL,	NULL,	NULL,	3046,	52),
(77,	'25/01/2022',	116321,	NULL,	NULL,	NULL,	NULL,	2,	39),
(78,	'25/01/2022',	3991,	3818,	NULL,	NULL,	NULL,	769,	36),
(79,	'25/01/2022',	183124,	83313,	NULL,	NULL,	NULL,	78319,	37),
(80,	'25/01/2022',	450568,	NULL,	NULL,	NULL,	NULL,	227440,	38),
(81,	'26/01/2022',	37885,	NULL,	NULL,	NULL,	NULL,	2,	29),
(82,	'26/01/2022',	29076,	55521,	NULL,	NULL,	NULL,	15134,	28),
(83,	'26/01/2022',	4997723,	NULL,	NULL,	NULL,	NULL,	163884,	27),
(84,	'26/01/2022',	13365,	2055,	NULL,	NULL,	NULL,	2229,	26),
(85,	'26/01/2022',	328699,	113903,	NULL,	NULL,	NULL,	68408,	21),
(86,	'26/01/2022',	193515,	71560,	NULL,	NULL,	NULL,	69439,	20),
(87,	'31/01/2022',	426690,	NULL,	NULL,	NULL,	NULL,	72348,	61),
(88,	'31/01/2022',	353225,	54706,	NULL,	NULL,	NULL,	84757,	62),
(89,	'31/01/2022',	180354,	119305,	NULL,	NULL,	NULL,	38050,	63),
(90,	'31/01/2022',	411595,	222590,	NULL,	NULL,	NULL,	123909,	60),
(91,	'31/01/2022',	238863,	134574,	NULL,	NULL,	NULL,	44242,	59),
(92,	'31/01/2022',	130666,	137565,	NULL,	NULL,	NULL,	47360,	64),
(93,	'31/01/2022',	326185,	32255,	NULL,	NULL,	NULL,	104317,	34),
(94,	'02/02/2022',	426916,	NULL,	NULL,	NULL,	NULL,	72370,	61),
(95,	'02/02/2022',	142558,	175699,	NULL,	NULL,	NULL,	218487,	13),
(96,	'02/02/2022',	356537,	NULL,	NULL,	NULL,	NULL,	54757,	43),
(97,	'02/02/2022',	718740,	NULL,	NULL,	NULL,	NULL,	118655,	12),
(98,	'02/02/2022',	12916,	17345,	NULL,	NULL,	NULL,	1835,	14),
(99,	'03/02/2022',	25289,	12632,	NULL,	NULL,	NULL,	37921,	47),
(100,	'03/02/2022',	4845,	33746,	NULL,	NULL,	NULL,	4675,	48),
(101,	'03/02/2022',	204284,	NULL,	NULL,	NULL,	NULL,	78882,	46),
(102,	'07/02/2022',	19257,	42574,	NULL,	NULL,	NULL,	13138,	40),
(103,	'10/02/2022',	13879,	2163,	NULL,	NULL,	NULL,	2532,	26),
(104,	'10/02/2022',	503544,	NULL,	NULL,	NULL,	NULL,	164848,	27),
(105,	'10/02/2022',	30761,	55967,	NULL,	NULL,	NULL,	15427,	28),
(106,	'10/02/2022',	182661,	119915,	NULL,	NULL,	NULL,	38223,	63),
(107,	'11/02/2022',	882836,	NULL,	NULL,	NULL,	NULL,	242068,	50),
(108,	'11/02/2022',	679351,	123650,	NULL,	NULL,	NULL,	257287,	51),
(109,	'11/02/2022',	8482,	13733,	NULL,	NULL,	NULL,	3087,	52),
(110,	'15/02/2022',	260185,	NULL,	NULL,	NULL,	NULL,	55518,	45),
(111,	'18/02/2022',	0,	0,	NULL,	NULL,	NULL,	0,	125);

DROP TABLE IF EXISTS `Empresa`;
CREATE TABLE `Empresa` (
  `id` int(11) NOT NULL AUTO_INCREMENT,
  `nif` varchar(25) DEFAULT NULL,
  `nombre` varchar(64) NOT NULL,
  `telefono` int(11) DEFAULT NULL,
  `direccion` varchar(116) DEFAULT NULL,
  `contacto` varchar(116) DEFAULT NULL,
  PRIMARY KEY (`id`)
) ENGINE=InnoDB DEFAULT CHARSET=utf8mb4;

INSERT INTO `Empresa` (`id`, `nif`, `nombre`, `telefono`, `direccion`, `contacto`) VALUES
(1,	'',	'MBD Informatica',	633961000,	'Ramon y Cajal 30',	NULL),
(10,	'',	'CEIP Ejercito',	964558970,	'Carrer de Lepant, 7, 12006 Castelló de la Plana, Castelló',	''),
(11,	'',	'CEIP Angel Esteban',	964405610,	'Carrer de Toledo, s/n, 12580 Benicarló, Castelló',	'Julio'),
(12,	'',	'CEIP Jaume I',	964739380,	'Cam. Viejo Alcora, 2, 12006 Castellón de la Plana, Castellón',	''),
(13,	'',	'CRA Trescaire Vilanova',	964707217,	'Carrer Raimundo Rebollida, 29, 12183 Vilanova d\'Alcolea, Castelló',	''),
(14,	'',	'CRA Trescaire Benlloch',	NULL,	'',	''),
(15,	'',	'CRA Trescaire La Pobla',	NULL,	'',	''),
(16,	'',	'CEIP Escultor Ortells',	964738710,	'Av. Francesc Tàrrega, 54, 12540 Vila-real, Castelló',	''),
(17,	'',	'CEIP Germans Ochando',	964738790,	'Carrer de la Sèquia Parra, 20, 12550 Almassora, Castelló',	'Lidon'),
(18,	'',	'CEIP Lo Campanar',	964336050,	'Carrer de Francesc Sospedra, 4, 12570 Alcalà de Xivert, Castelló',	'Jose'),
(19,	'',	'CEIP Eduardo Martinez Rodenas',	964336490,	'Carrer del Port, 39, 12580 Benicarló, Castelló',	'Jaime'),
(20,	'',	'CEIP Mestre Canos',	964739520,	'C. de les Adoberies, 40, 12003 Castelló de la Plana, Castelló',	''),
(22,	'',	'CEIP Juan Sebastian Elcano',	964739730,	'Carrer de Magallanes, 10, 12100 El Grao de Castellón, Castelló',	''),
(23,	'',	'CEIP Bisbe Climent',	964558920,	'Carrer de Sant Roc, 2, 12004 Castelló de la Plana, Castelló',	''),
(24,	'',	'CEIP Errando Vilar',	964738320,	'Carrer de la Constitució Espanyola, 52, 12550 Almassora, Castelló',	''),
(25,	'',	'CEIP Albert Selma',	964336065,	'Carrer Serra d\'Irta, 1, 12597 Santa Magdalena de Polpís, Valencia',	''),
(26,	'',	'CRA Araboga Canet',	NULL,	'',	''),
(27,	'',	'CRA Araboga La Jana',	964405600,	'Carrer de les Escoles, 23, 12340 La Jana, Castelló',	''),
(28,	'',	'CRA Araboga Cervera',	964405600,	'Carrer Escoles, 20, 12578 Cervera del Maestrat, Castelló',	''),
(29,	'',	'CEIP Grans i Menuts',	964202425,	'Cam. Cuadra la Torta, 12006, Castellón',	''),
(30,	'',	'CEIP Gregal',	964739320,	'Gran Vía de Tàrrega Monteblanco, 19, 12006 Castelló de la Plana, Castelló',	''),
(31,	'',	'CEIP Jaime Sanz',	964336440,	'Enfront del poliesportiu municipal, Carrer de les Marjals, S/N, 12598 Peníscola, Castelló',	''),
(32,	'',	'CEIP Pintor Sorolla',	964738685,	'C/ Via Augusta, 32, 12539 Les Alqueries, Castelló',	''),
(33,	'',	'CEIP Regina Violant',	964738865,	'C. de San Ildefonso, 55, 12550 Almassora, Castellón',	'Santi'),
(34,	'',	'CEIP Illes Columbretes',	964739350,	'Camí Mestrets, 2, 12004 Castelló de la Plana, Castelló',	''),
(35,	'',	'CEIP Lluis Revest',	964739500,	'Carrer de la Vilavella, 13, 12003 Castelló de la Plana, Castelló',	''),
(36,	'',	'Lematrans',	964286601,	'Av. de Ferrandis Salvador, 12100 El Grao de Castellón, Castelló',	''),
(37,	'',	'Fanny Tours',	964503083,	'Carrer de la Sèquia Parra, 15, 12550 Almassora, Castelló',	''),
(38,	'',	'Ajuntament de Xert',	964490001,	'Carrrer de Sant Vicent, 32, 12360 Xert, Castelló',	''),
(39,	'',	'IES Violant Casalduch',	964399410,	'Avinguda de Castelló, 0, 12560 Benicàssim, Castelló',	''),
(40,	'',	'Desguace Joaquín Pellicer S L',	608866645,	'N-340 KM-1038, 12598 Peniscola, Castellón',	'');

DROP TABLE IF EXISTS `Historico`;
CREATE TABLE `Historico` (
  `id` int(11) NOT NULL AUTO_INCREMENT,
  `usuario` int(11) NOT NULL,
  `fecha` date NOT NULL,
  `empresa` int(11) NOT NULL,
  `operario` varchar(128) NOT NULL,
  `problemaAveria` varchar(128) NOT NULL,
  `solucionAveria` varchar(128) NOT NULL,
  PRIMARY KEY (`id`),
  KEY `empresa` (`empresa`),
  KEY `usuario` (`usuario`)
) ENGINE=InnoDB DEFAULT CHARSET=utf8mb4;


DROP TABLE IF EXISTS `Maquina`;
CREATE TABLE `Maquina` (
  `id` int(11) NOT NULL AUTO_INCREMENT,
  `modelo` varchar(64) NOT NULL,
  `ip` varchar(18) DEFAULT NULL,
  `mascara` varchar(18) DEFAULT NULL,
  `vfirmware` varchar(128) NOT NULL,
  `empresa` int(11) DEFAULT NULL,
  `proveedor` int(11) DEFAULT NULL,
  `fcompra` varchar(32) NOT NULL,
  `tipocontador` int(1) DEFAULT NULL,
  `estado` int(1) NOT NULL,
  `origen` int(1) NOT NULL,
  `finicioservicio` varchar(32) DEFAULT NULL,
  `ffinalservicio` varchar(32) DEFAULT NULL,
  `tipocontrato` int(3) DEFAULT NULL,
  `tipogarantia` int(2) DEFAULT NULL,
  `comentario` varchar(1024) DEFAULT NULL,
  `firmwarebackup` varchar(256) DEFAULT NULL,
  PRIMARY KEY (`id`),
  KEY `empresa` (`empresa`),
  KEY `proveedor` (`proveedor`),
  CONSTRAINT `Maquina_ibfk_1` FOREIGN KEY (`empresa`) REFERENCES `Empresa` (`id`),
  CONSTRAINT `Maquina_ibfk_2` FOREIGN KEY (`proveedor`) REFERENCES `Proveedor` (`id`)
) ENGINE=InnoDB DEFAULT CHARSET=utf8mb4;

INSERT INTO `Maquina` (`id`, `modelo`, `ip`, `mascara`, `vfirmware`, `empresa`, `proveedor`, `fcompra`, `tipocontador`, `estado`, `origen`, `finicioservicio`, `ffinalservicio`, `tipocontrato`, `tipogarantia`, `comentario`, `firmwarebackup`) VALUES
(9,	'Pruebas',	'192.168.88.5',	'255.255.255.0',	'',	1,	1,	'',	2,	0,	0,	'05/08/2021',	'12/15/2021',	0,	0,	'',	NULL),
(10,	'Taskalfa 3551ci',	NULL,	NULL,	'',	10,	2,	'',	2,	3,	1,	'29/11/2021',	'',	1,	2,	'',	NULL),
(11,	'Taskalfa 5500i',	'',	'',	'',	33,	2,	'',	0,	6,	1,	'',	'',	2,	0,	'Antigua 5500i Regina Violant',	NULL),
(12,	'Taskalfa 5500i',	NULL,	NULL,	'',	33,	1,	'',	0,	3,	1,	'',	'',	2,	0,	'',	NULL),
(13,	'Taskalfa 3050ci',	NULL,	NULL,	'0',	33,	1,	'0',	1,	3,	1,	'',	'',	2,	0,	'',	NULL),
(14,	'Ecosys M5526cdn',	'',	'',	'0',	33,	3,	'0',	1,	3,	0,	'',	'',	0,	2,	'',	NULL),
(15,	'Taskalfa 3051ci',	'10.20.30.240',	'255.255.255.0',	'0',	34,	1,	'0',	1,	3,	1,	'',	'',	2,	0,	'',	NULL),
(16,	'Taskalfa 3051ci',	NULL,	NULL,	'0',	35,	1,	'0',	1,	3,	1,	'',	'',	2,	0,	'',	NULL),
(17,	'Taskalfa 4500i',	NULL,	NULL,	'0',	35,	1,	'0',	0,	3,	1,	'',	'',	2,	0,	'',	NULL),
(18,	'Ecosys M2735dw',	'',	'',	'0',	35,	3,	'0',	0,	3,	0,	'',	'',	2,	0,	'',	NULL),
(19,	'Ecosys M2735dw',	'',	'',	'0',	35,	3,	'0',	0,	3,	0,	'',	'',	2,	0,	'',	NULL),
(20,	'Taskalfa 3551ci',	'',	'',	'0',	20,	1,	'0',	1,	3,	1,	'',	'',	2,	0,	'',	NULL),
(21,	'DCC 2930',	'',	'',	'0',	20,	1,	'0',	1,	3,	1,	'',	'',	0,	0,	'',	NULL),
(22,	'DCC 2930',	'10.226.136.205',	'255.255.255.0',	'0',	18,	1,	'0',	1,	3,	1,	'',	'',	0,	0,	'',	NULL),
(23,	'Taskalfa 4501i',	'172.20.215.240',	'255.255.255.0',	'0',	18,	1,	'',	0,	3,	0,	'',	'',	2,	0,	'',	NULL),
(24,	'DCC 2930',	'',	'',	'0',	18,	1,	'0',	1,	3,	0,	'',	'',	2,	0,	'',	NULL),
(25,	'Taskalfa 3050ci',	'172.20.137.250',	'255.255.255.0',	'0',	14,	1,	'0',	1,	3,	1,	'',	'',	2,	0,	'',	NULL),
(26,	'Ecosys M5526cdn',	'10.226.147.204',	'255.255.255.128',	'10.226.147.129',	22,	3,	'0',	1,	3,	0,	'',	'',	2,	0,	'',	NULL),
(27,	'Taskalfa 4500i',	'172.20.44.220',	'255.255.255.0',	'0',	22,	1,	'0',	0,	3,	0,	'',	'',	0,	0,	'',	NULL),
(28,	'Taskalfa 3551ci',	'172.20.44.221',	'255.255.255.0',	'0',	22,	2,	'0',	1,	3,	0,	'',	'',	0,	0,	'',	NULL),
(29,	'Ecosys P2040dn',	'172.20.44.200',	'255.255.255.0',	'0',	22,	3,	'0',	0,	3,	0,	'',	'',	2,	0,	'',	NULL),
(30,	'Ecosys FS-4200dn',	'',	'',	'0',	34,	3,	'0',	0,	3,	0,	'',	'',	2,	0,	'',	NULL),
(31,	'Taskalfa 2552',	'192.168.1.100',	'255.255.255.0',	'0',	36,	1,	'12/09/2021',	1,	3,	0,	'',	'',	2,	0,	'',	NULL),
(32,	'Ecosys P3055dn',	'192.168.1.101',	'255.255.255.0',	'0',	36,	3,	'0',	0,	3,	0,	'',	'',	2,	0,	'',	NULL),
(33,	'Taskalfa 306ci',	'192.168.100.253',	'255.255.255.0',	'0',	37,	1,	'0',	2,	3,	0,	'',	'',	0,	0,	'',	NULL),
(34,	'Taskalfa 3051ci',	'172.20.5.240',	'255.255.255.0',	'0',	16,	1,	'0',	1,	3,	1,	'',	'',	2,	0,	'Infantil',	NULL),
(35,	'blank',	NULL,	NULL,	'0',	1,	1,	'0',	NULL,	0,	0,	NULL,	NULL,	NULL,	NULL,	NULL,	NULL),
(36,	'Ecosys M5526cdn',	'10.226.158.83',	'255.255.255.0',	'0',	16,	3,	'0',	1,	3,	0,	'',	'',	0,	2,	'',	NULL),
(37,	'Taskalfa 3551ci',	'172.20.5.196',	'255.255.255.0',	'0',	35,	1,	'0',	1,	3,	1,	'',	'',	2,	0,	'',	NULL),
(38,	'Taskalfa 4500i',	'172.20.5.241',	'255.255.255.0',	'0',	16,	1,	'0',	0,	3,	0,	'',	'',	2,	0,	'',	NULL),
(39,	'Ecosys FS-4200dn',	'10.226.158.20',	'255.255.255.0',	'0',	16,	3,	'12/09/2021',	0,	3,	0,	'',	'',	2,	0,	'',	NULL),
(40,	'Taskalfa 3051ci',	'172.20.40.240',	'255.255.255.0',	'0',	23,	2,	'0',	1,	2,	1,	'07/02/2022',	'',	2,	0,	'',	NULL),
(41,	'Taskalfa 3051ci',	'',	'',	'0',	1,	2,	'0',	1,	2,	0,	'',	'',	2,	0,	'',	NULL),
(42,	'Taskalfa 4501i',	'',	'',	'0',	1,	2,	'0',	0,	0,	1,	'',	'',	0,	0,	'Quitado fusor para maquina gregal',	NULL),
(43,	'Taskalfa 4501i',	'192.20.191.241',	'255.255.255.0',	'0',	33,	2,	'0',	0,	3,	1,	'',	'',	2,	0,	'',	NULL),
(44,	'Taskalfa 4501i',	'',	'',	'0',	1,	1,	'0',	0,	0,	1,	'',	'',	0,	0,	'',	NULL),
(45,	'Taskalfa 4501i',	'172.20.55.246',	'255.255.255.0',	'0',	31,	1,	'0',	0,	3,	1,	'15/02/2022',	'',	2,	0,	'',	NULL),
(46,	'Taskalfa 5500i',	'192.168.0.138',	'255.255.255.0',	'0',	38,	1,	'0',	0,	3,	0,	'',	'',	1,	0,	'',	NULL),
(47,	'Ecosys M5526cdw',	'192.168.0.253',	'255.255.255.0',	'0',	38,	3,	'0',	1,	4,	0,	'',	'16/02/2022',	1,	0,	'Cambiar rodillo de carga K',	NULL),
(48,	'Taskalfa 307ci',	'192.168.0.240',	'255.255.255.0',	'0',	38,	1,	'0',	1,	3,	0,	'',	'',	1,	0,	'',	NULL),
(49,	'Taskalfa 3051ci',	'192.168.100.15',	'255.255.255.0',	'0',	39,	1,	'0',	1,	3,	0,	'',	'',	0,	0,	'',	NULL),
(50,	'Taskalfa 5500i',	'172.20.55.246',	'255.255.255.0',	'0',	31,	1,	'12/21/2021',	0,	4,	1,	'',	'',	2,	0,	'',	NULL),
(51,	'Taskalfa 3551ci',	'172.20.55.245',	'255.255.255.0',	'0',	31,	1,	'0',	1,	3,	0,	'',	'',	2,	0,	'',	NULL),
(52,	'Ecosys M5526cdw',	'10.226.151.141',	'255.255.255.0',	'0',	31,	3,	'0',	1,	3,	1,	'',	'',	2,	0,	'',	NULL),
(53,	'Ecosys M5526cdw',	'',	'',	'2018.08.28',	40,	3,	'01/29/2019',	1,	2,	0,	'12/23/2021',	'',	1,	0,	'',	NULL),
(54,	'Taskalfa 4501i',	'',	'',	'2018.05.25',	1,	2,	'31/12/2021',	0,	0,	0,	'',	'',	0,	0,	'',	NULL),
(55,	'Taskalfa 4501i',	'',	'',	'2016.03.08',	1,	2,	'31/12/2021',	0,	0,	1,	'',	'',	0,	0,	'',	NULL),
(56,	'Taskalfa 3051ci',	'',	'',	'2017.05.19',	1,	2,	'31/12/2021',	0,	0,	0,	'',	'',	0,	0,	'',	NULL),
(57,	'Taskalfa 3051ci',	'',	'',	'2017.05.19',	1,	2,	'31/12/2021',	1,	0,	1,	'',	'',	0,	0,	'',	NULL),
(58,	'Ecosys FS-2100dn',	'',	'',	'2015.12.10',	1,	3,	'17/01/2022',	0,	2,	0,	'',	'',	0,	0,	'',	NULL),
(59,	'DCC 2930',	'192.168.8.21',	'255.255.255.0',	'0',	17,	1,	'0',	1,	3,	1,	'',	'',	2,	0,	'Primer cicle',	NULL),
(60,	'DCC 2935',	'192.168.8.12',	'255.255.255.0',	'0',	17,	1,	'0',	1,	3,	1,	'',	'',	2,	0,	'Armari rack primer pis',	NULL),
(61,	'Taskalfa 5500i',	'192.168.8.11',	'255.255.255.0',	'0',	17,	1,	'0',	0,	3,	1,	'',	'',	0,	0,	'',	NULL),
(62,	'DCC 2930',	'10.226.169.148',	'255.255.255.0',	'0',	17,	1,	'0',	1,	3,	1,	'',	'',	0,	0,	'',	NULL),
(63,	'DCC 2930',	'192.168.8.13',	'255.255.255.0',	'0',	17,	1,	'0',	1,	3,	1,	'',	'',	0,	0,	'Infantil',	NULL),
(64,	'Taskalfa 3050ci',	'10.20.0.240',	'255.255.255.50',	'0',	32,	1,	'0',	1,	3,	1,	'',	'',	0,	0,	'',	NULL),
(65,	'Taskalfa 3051ci',	'',	'',	'0',	1,	2,	'18/02/2022',	1,	2,	1,	'',	'',	1,	2,	'Antiga maquina Fadrell - Va de lujo.',	NULL),
(66,	'blank',	NULL,	NULL,	'0',	1,	1,	'0',	NULL,	0,	0,	NULL,	NULL,	NULL,	NULL,	NULL,	NULL),
(67,	'blank',	NULL,	NULL,	'0',	1,	1,	'0',	NULL,	0,	0,	NULL,	NULL,	NULL,	NULL,	NULL,	NULL),
(68,	'blank',	NULL,	NULL,	'0',	1,	1,	'0',	NULL,	0,	0,	NULL,	NULL,	NULL,	NULL,	NULL,	NULL),
(69,	'blank',	NULL,	NULL,	'0',	1,	1,	'0',	NULL,	0,	0,	NULL,	NULL,	NULL,	NULL,	NULL,	NULL),
(70,	'blank',	NULL,	NULL,	'0',	1,	1,	'0',	NULL,	0,	0,	NULL,	NULL,	NULL,	NULL,	NULL,	NULL),
(71,	'blank',	NULL,	NULL,	'0',	1,	1,	'0',	NULL,	0,	0,	NULL,	NULL,	NULL,	NULL,	NULL,	NULL),
(72,	'blank',	NULL,	NULL,	'0',	1,	1,	'0',	NULL,	0,	0,	NULL,	NULL,	NULL,	NULL,	NULL,	NULL),
(73,	'blank',	NULL,	NULL,	'0',	1,	1,	'0',	NULL,	0,	0,	NULL,	NULL,	NULL,	NULL,	NULL,	NULL),
(74,	'blank',	NULL,	NULL,	'0',	1,	1,	'0',	NULL,	0,	0,	NULL,	NULL,	NULL,	NULL,	NULL,	NULL),
(75,	'blank',	NULL,	NULL,	'0',	1,	1,	'0',	NULL,	0,	0,	NULL,	NULL,	NULL,	NULL,	NULL,	NULL),
(76,	'blank',	NULL,	NULL,	'0',	1,	1,	'0',	NULL,	0,	0,	NULL,	NULL,	NULL,	NULL,	NULL,	NULL),
(77,	'blank',	NULL,	NULL,	'0',	1,	1,	'0',	NULL,	0,	0,	NULL,	NULL,	NULL,	NULL,	NULL,	NULL),
(78,	'blank',	NULL,	NULL,	'0',	1,	1,	'0',	NULL,	0,	0,	NULL,	NULL,	NULL,	NULL,	NULL,	NULL),
(79,	'blank',	NULL,	NULL,	'0',	1,	1,	'0',	NULL,	0,	0,	NULL,	NULL,	NULL,	NULL,	NULL,	NULL),
(80,	'blank',	NULL,	NULL,	'0',	1,	1,	'0',	NULL,	0,	0,	NULL,	NULL,	NULL,	NULL,	NULL,	NULL),
(81,	'blank',	NULL,	NULL,	'0',	1,	1,	'0',	NULL,	0,	0,	NULL,	NULL,	NULL,	NULL,	NULL,	NULL),
(82,	'blank',	NULL,	NULL,	'0',	1,	1,	'0',	NULL,	0,	0,	NULL,	NULL,	NULL,	NULL,	NULL,	NULL),
(83,	'blank',	NULL,	NULL,	'0',	1,	1,	'0',	NULL,	0,	0,	NULL,	NULL,	NULL,	NULL,	NULL,	NULL),
(84,	'blank',	NULL,	NULL,	'0',	1,	1,	'0',	NULL,	0,	0,	NULL,	NULL,	NULL,	NULL,	NULL,	NULL),
(85,	'blank',	NULL,	NULL,	'0',	1,	1,	'0',	NULL,	0,	0,	NULL,	NULL,	NULL,	NULL,	NULL,	NULL),
(86,	'blank',	NULL,	NULL,	'0',	1,	1,	'0',	NULL,	0,	0,	NULL,	NULL,	NULL,	NULL,	NULL,	NULL),
(87,	'blank',	NULL,	NULL,	'0',	1,	1,	'0',	NULL,	0,	0,	NULL,	NULL,	NULL,	NULL,	NULL,	NULL),
(88,	'blank',	NULL,	NULL,	'0',	1,	1,	'0',	NULL,	0,	0,	NULL,	NULL,	NULL,	NULL,	NULL,	NULL),
(89,	'blank',	NULL,	NULL,	'0',	1,	1,	'0',	NULL,	0,	0,	NULL,	NULL,	NULL,	NULL,	NULL,	NULL),
(90,	'blank',	NULL,	NULL,	'0',	1,	1,	'0',	NULL,	0,	0,	NULL,	NULL,	NULL,	NULL,	NULL,	NULL),
(91,	'blank',	NULL,	NULL,	'0',	1,	1,	'0',	NULL,	0,	0,	NULL,	NULL,	NULL,	NULL,	NULL,	NULL),
(92,	'blank',	NULL,	NULL,	'0',	1,	1,	'0',	NULL,	0,	0,	NULL,	NULL,	NULL,	NULL,	NULL,	NULL),
(93,	'blank',	NULL,	NULL,	'0',	1,	1,	'0',	NULL,	0,	0,	NULL,	NULL,	NULL,	NULL,	NULL,	NULL),
(94,	'blank',	NULL,	NULL,	'0',	1,	1,	'0',	NULL,	0,	0,	NULL,	NULL,	NULL,	NULL,	NULL,	NULL),
(95,	'blank',	NULL,	NULL,	'0',	1,	1,	'0',	NULL,	0,	0,	NULL,	NULL,	NULL,	NULL,	NULL,	NULL),
(96,	'blank',	NULL,	NULL,	'0',	1,	1,	'0',	NULL,	0,	0,	NULL,	NULL,	NULL,	NULL,	NULL,	NULL),
(97,	'blank',	NULL,	NULL,	'0',	1,	1,	'0',	NULL,	0,	0,	NULL,	NULL,	NULL,	NULL,	NULL,	NULL),
(98,	'blank',	NULL,	NULL,	'0',	1,	1,	'0',	NULL,	0,	0,	NULL,	NULL,	NULL,	NULL,	NULL,	NULL),
(99,	'blank',	NULL,	NULL,	'0',	1,	1,	'0',	NULL,	0,	0,	NULL,	NULL,	NULL,	NULL,	NULL,	NULL),
(100,	'blank',	NULL,	NULL,	'0',	1,	1,	'0',	NULL,	0,	0,	NULL,	NULL,	NULL,	NULL,	NULL,	NULL),
(101,	'blank',	NULL,	NULL,	'0',	1,	1,	'0',	NULL,	0,	0,	NULL,	NULL,	NULL,	NULL,	NULL,	NULL),
(102,	'blank',	NULL,	NULL,	'0',	1,	1,	'0',	NULL,	0,	0,	NULL,	NULL,	NULL,	NULL,	NULL,	NULL),
(103,	'blank',	NULL,	NULL,	'0',	1,	1,	'0',	NULL,	0,	0,	NULL,	NULL,	NULL,	NULL,	NULL,	NULL),
(104,	'blank',	NULL,	NULL,	'0',	1,	1,	'0',	NULL,	0,	0,	NULL,	NULL,	NULL,	NULL,	NULL,	NULL),
(105,	'blank',	NULL,	NULL,	'0',	1,	1,	'0',	NULL,	0,	0,	NULL,	NULL,	NULL,	NULL,	NULL,	NULL),
(106,	'blank',	NULL,	NULL,	'0',	1,	1,	'0',	NULL,	0,	0,	NULL,	NULL,	NULL,	NULL,	NULL,	NULL),
(107,	'blank',	NULL,	NULL,	'0',	1,	1,	'0',	NULL,	0,	0,	NULL,	NULL,	NULL,	NULL,	NULL,	NULL),
(108,	'blank',	NULL,	NULL,	'0',	1,	1,	'0',	NULL,	0,	0,	NULL,	NULL,	NULL,	NULL,	NULL,	NULL),
(109,	'blank',	NULL,	NULL,	'0',	1,	1,	'0',	NULL,	0,	0,	NULL,	NULL,	NULL,	NULL,	NULL,	NULL),
(110,	'blank',	NULL,	NULL,	'0',	1,	1,	'0',	NULL,	0,	0,	NULL,	NULL,	NULL,	NULL,	NULL,	NULL),
(111,	'blank',	NULL,	NULL,	'0',	1,	1,	'0',	NULL,	0,	0,	NULL,	NULL,	NULL,	NULL,	NULL,	NULL),
(112,	'blank',	NULL,	NULL,	'0',	1,	1,	'0',	NULL,	0,	0,	NULL,	NULL,	NULL,	NULL,	NULL,	NULL),
(113,	'blank',	NULL,	NULL,	'0',	1,	1,	'0',	NULL,	0,	0,	NULL,	NULL,	NULL,	NULL,	NULL,	NULL),
(114,	'blank',	NULL,	NULL,	'0',	1,	1,	'0',	NULL,	0,	0,	NULL,	NULL,	NULL,	NULL,	NULL,	NULL),
(115,	'blank',	NULL,	NULL,	'0',	1,	1,	'0',	NULL,	0,	0,	NULL,	NULL,	NULL,	NULL,	NULL,	NULL),
(121,	'blank',	'',	'',	'0',	1,	2,	'0',	1,	2,	1,	'',	'',	0,	0,	'',	NULL),
(122,	'blank',	NULL,	NULL,	'0',	1,	1,	'0',	NULL,	0,	0,	NULL,	NULL,	NULL,	NULL,	NULL,	NULL),
(124,	'Taskalfa 3050ci',	NULL,	NULL,	'2020.07.06',	11,	1,	'',	1,	3,	0,	'19/01/2022',	'',	2,	0,	'',	NULL),
(125,	'Ecosys M5526cdn',	'192.168.0.253',	'255.255.255.0',	'',	38,	3,	'16/02/2022',	1,	3,	0,	'18/02/2022',	'',	1,	2,	'',	NULL);

DROP TABLE IF EXISTS `Proveedor`;
CREATE TABLE `Proveedor` (
  `id` int(11) NOT NULL AUTO_INCREMENT,
  `nombre` varchar(128) NOT NULL,
  `telefono` int(9) DEFAULT NULL,
  `nif` varchar(32) DEFAULT NULL,
  `direccion` varchar(256) DEFAULT NULL,
  PRIMARY KEY (`id`)
) ENGINE=InnoDB DEFAULT CHARSET=utf8mb4;

INSERT INTO `Proveedor` (`id`, `nombre`, `telefono`, `nif`, `direccion`) VALUES
(1,	'Office',	964122412,	NULL,	NULL),
(2,	'Sevilla',	666666666,	'-',	'-'),
(3,	'Dirac',	963932663,	NULL,	NULL);

DROP TABLE IF EXISTS `Usuario`;
CREATE TABLE `Usuario` (
  `id` int(11) NOT NULL AUTO_INCREMENT,
  `empresa` int(11) DEFAULT NULL,
  `nombre` varchar(128) DEFAULT NULL,
  `apellidos` varchar(128) DEFAULT NULL,
  `correo` varchar(128) NOT NULL,
  `password` varchar(256) NOT NULL,
  `rol` varchar(32) NOT NULL,
  `telefono` int(11) DEFAULT NULL,
  `extensiontelefono` int(11) DEFAULT NULL,
  PRIMARY KEY (`id`),
  KEY `empresa` (`empresa`),
  CONSTRAINT `Usuario_ibfk_1` FOREIGN KEY (`empresa`) REFERENCES `Empresa` (`id`)
) ENGINE=InnoDB DEFAULT CHARSET=utf8mb4;

INSERT INTO `Usuario` (`id`, `empresa`, `nombre`, `apellidos`, `correo`, `password`, `rol`, `telefono`, `extensiontelefono`) VALUES
(666,	1,	'Oleksandr',	'Lugovskyy',	'gyswu@gyswu.com',	'$2y$10$Ow9mxgkRGgrq8aufUWTKQ.Zyg2tuhB.OLoJsuW54eVCvYB7/tMone',	'admin',	NULL,	NULL),
(667,	1,	'javi',	NULL,	'javi.mbd@gmail.com',	'$2y$10$Ow9mxgkRGgrq8aufUWTKQ.Zyg2tuhB.OLoJsuW54eVCvYB7/tMone',	'admin',	NULL,	NULL),
(668,	1,	'Andres',	NULL,	'andres@gmail.com',	'$2y$10$1/gF0GC5Wlz3x1DFEQ3.U.uSPovSEDi8nZUIllA94tWGz8i10C92O',	'admin',	NULL,	NULL),
(669,	1,	'Xesco',	NULL,	'comercial@copiserveicastellon.es',	'$2y$10$C1yTOxCIvJI56wDcXylhhuphCsPJpkMA1ibCNlmtwy.sNSnO92G5S',	'admin',	NULL,	NULL);

-- 2022-02-19 18:29:55
